lemma;ipm;r;d;doc;dicts
бегать;59.2;99;93;1848;5
бежать;143.6;100;93;2758;5
беречь;23.4;100;95;1095;5
беседовать;33.8;99;95;1444;6
беспокоиться;28.1;99;93;1113;6
благодарить;31.4;100;94;1349;6
болеть1;68.5;100;94;2119;5
болеть2;68.5;100;94;2119;5
бороться;70.3;100;95;3191;5
бояться;266.5;100;94;4549;6
брать;226.3;100;96;5836;5
бросать;56.2;100;95;1933;5
будить;15.1;96;92;719;6
быть;12160.7;100;98;34184;5
варить;29.3;98;89;952;6
везти;47;100;95;1702;5
верить;197.1;100;96;4336;6
вернуть;68.5;100;96;2699;5
вернуться;311.2;100;96;5844;5
вести;280.3;100;98;7897;5
вешать;12;98;93;701;7
видеть;818.2;100;96;9914;7
висеть;81.3;100;93;2128;5
владеть;45.7;100;96;2244;7
внести;57.4;100;93;3312;5
возвращать;20.7;100;96;1206;6
возвращаться;125.8;100;96;3667;6
возражать;30.2;99;95;1256;6
возразить;34.9;98;92;1153;5
волновать;33.1;100;96;1577;5
волноваться;49.9;99;94;1465;6
воспитывать;20.8;100;94;1037;5
восстановить;37.8;100;95;1972;5
восхищаться;16.7;98;95;800;5
вручать;8.5;96;94;533;5
вспоминать;135.9;100;96;3532;6
вставать;69.1;100;95;2253;6
встать;172.1;100;93;3548;5
встретить;113.5;100;96;3378;6
встретиться;88.1;100;96;2768;5
встречать;77.4;100;96;2613;5
встречаться;106.8;100;96;3750;5
вступать;40.9;100;94;2098;6
входить;157.9;100;96;6332;6
выбирать;65.2;100;97;3122;7
выбрать;107.9;100;96;4748;5
выбросить;32.4;100;94;1311;5
вывести;53.4;100;97;2495;5
выводить;25.2;100;97;1401;5
выдавать;44.1;100;96;2104;5
выезжать;19.5;100;95;1080;5
вызывать;142.4;100;97;5228;5
выиграть;52.3;100;91;2239;5
выигрывать;13.9;100;91;822;5
выйти;480.9;100;96;8764;5
выключать;5;94;91;354;5
вынимать;12.7;99;93;675;5
выносить;28.6;100;94;1471;5
вынуть;37.8;98;91;1088;5
выписывать;9.8;98;95;632;6
выполнять;92.3;100;93;4098;6
выпускать;53.4;100;95;2638;5
вырасти;85.3;100;96;3787;5
выращивать;10.2;99;92;637;5
выступать;138.8;100;93;5090;5
вытирать;15.5;93;90;717;5
выходить;201.6;100;97;5550;6
выяснять;13.3;98;95;810;5
гасить;6.8;95;93;451;5
гладить;19.1;97;91;747;5
говорить;1755;100;96;17120;6
голосовать;22.8;99;91;1054;5
гордиться;32.9;100;96;1532;5
гореть;76.6;100;93;2120;5
готовить;76.7;100;96;3180;5
готовиться;70.9;100;96;3092;5
давать;370.7;100;98;9941;7
дарить;22.3;100;94;1092;6
дать;573.1;100;97;11209;5
двигаться;87.3;100;96;2799;5
делать;701.1;100;97;12524;6
делить;22.5;100;96;1273;5
делиться;35.4;100;95;1883;5
держать;196.5;100;95;4204;5
держаться;86.4;100;95;2567;5
добавлять;27.4;100;94;1462;5
добиваться;29.4;100;95;1652;6
добывать;16.3;99;95;937;5
доверять;33.7;100;96;1495;5
договариваться;17.6;100;85;826;5
договориться;54.8;100;95;2198;5
догонять;10.1;98;92;579;5
дополнять;9;97;91;665;5
доставать;31.2;97;93;1317;6
достать;94.4;100;92;2127;5
достигать;35.2;100;89;2055;5
думать;755.5;100;95;9254;6
дуть;18.9;98;93;876;5
дышать;64.4;99;93;1869;5
ездить;93.6;99;95;2966;6
ехать;198.2;100;95;3686;5
жалеть;51.4;100;94;1714;5
жаловаться;46.1;100;95;1898;5
жарить;8.8;93;92;501;5
ждать;360.2;100;95;6976;6
желать;123.1;100;96;4182;5
жениться;50;100;93;1483;6
жить;725.5;100;96;10085;5
заболеть1;33.8;100;96;1380;5
заболеть2;33.8;100;96;1380;5
заботиться;27.2;100;96;1438;7
забывать;65.4;100;97;2923;6
завести;41.5;99;95;1675;5
зависеть;115;100;94;5293;5
заводить;17.1;100;94;925;5
завязать;14;99;94;738;5
завязывать;4.9;92;93;338;5
задавать;45.1;100;97;2039;5
задать;44.1;100;96;2021;5
зажечь;18.2;95;92;829;5
зажигать;9.2;99;93;541;5
зайти;85.2;100;94;2306;5
заказать;32.8;100;95;1490;5
заказывать;14.5;99;95;889;6
заканчивать;22.9;100;95;1283;6
заключать;15.8;100;92;986;5
заключить;55.1;100;93;2563;5
закончить;89.2;100;97;3148;6
закрывать;36.4;100;95;1649;5
закрыть;97.9;100;95;2967;5
заменять;16.2;100;96;1015;6
заметить;253.9;100;95;5724;5
замечать;79.4;100;95;2470;5
занимать;112.7;100;95;4949;6
заниматься;240.8;100;96;7727;6
занять;115.6;100;96;4754;5
записать;61.5;100;96;2314;6
записывать;28.6;99;94;1187;6
заплатить;38.9;100;95;1987;6
запоминать;9.7;100;94;552;7
запрещать;18.3;100;95;1101;5
заслуживать;22.4;100;95;1336;5
заставлять1;61;100;97;2614;5
заставлять2;61;100;97;2614;5
засыпать;30.8;99;94;1270;5
захватить;41.5;100;96;1608;5
захватывать;12.3;99;95;794;5
заходить;59.6;100;94;2019;6
защитить;39.1;100;96;2282;5
защищать;51;100;96;2545;6
заявить;154.2;100;93;6252;5
заявлять;31;100;94;1904;6
звать;131.3;100;94;2934;7
звонить;115.4;97;93;2327;6
здороваться;12.1;94;93;598;5
знакомиться;18;100;95;1001;5
знать;1713.8;100;95;13494;7
значить;134;100;93;4229;5
играть;319.1;100;95;6407;5
идти;957.1;100;96;13815;6
избирать;5.5;90;90;369;5
извинять;1.6;59;86;112;5
извиняться;14.1;94;92;687;5
изменять1;22.1;100;93;1235;5
изменять2;22.1;100;93;1235;5
измерять;9.2;97;87;541;5
изобретать;5.8;97;94;402;6
изучать;57;100;94;2603;6
иметь;906.7;100;96;17493;5
интересовать;57;100;97;2315;5
интересоваться;40.8;100;96;1880;6
искать;206.9;100;96;5266;5
исключать;25.6;100;93;1561;5
исключить;46;100;95;2612;5
исполнять;44.5;100;94;1934;5
использовать;249.6;100;90;8730;7
исправлять;6.1;99;95;436;6
исследовать;38.6;99;81;1745;5
казаться;448.2;100;97;7586;5
касаться;154.7;100;96;6473;6
кататься;23.1;98;88;932;5
кашлять;7.6;88;91;427;5
класть;35;100;94;1410;6
кончать;22.6;100;94;1013;5
кормить;52;100;93;1806;5
кричать;147.3;100;91;2642;5
курить;65.5;99;93;1631;6
лежать;318.1;100;94;5232;6
лечь;63.5;100;94;2020;5
лить;10.4;97;93;568;5
ловить;48;99;94;1711;6
ложиться;39.5;100;95;1573;7
ломать;28.2;100;95;1312;6
любить;503.1;100;95;6888;7
любоваться;19.6;98;95;946;6
махать;22.2;96;91;937;5
менять;74.9;100;97;3382;5
мерить;5.7;93;89;329;5
мечтать;72.4;100;96;2582;6
мешать1;100.4;100;97;3455;6
мешать2;100.4;100;97;3455;6
мочь;2912.3;100;98;25413;5
мыть;28.8;98;93;1169;5
мыться;8.3;94;92;440;5
наблюдать;95.5;100;96;3236;5
навещать;10.1;94;93;512;5
награждать;3.9;94;92;280;5
надевать;22.5;99;95;1102;5
надеяться;137.1;100;96;4734;6
надоедать;4.9;92;92;341;5
назначать;14.2;100;92;880;5
назначить;79.3;100;94;2895;5
называть;293.4;100;96;8780;6
называться;135.3;100;97;4706;5
наказывать;9.5;99;95;601;5
накрывать;6.5;93;93;433;6
нападать;11.2;99;94;596;5
напасть;15.5;99;93;723;5
напоминать;106.2;100;97;3924;6
направить;109.9;100;92;4864;5
направлять;23.7;100;92;1415;5
нарушать;29.5;100;96;1653;6
наступать1;44;100;97;2041;5
наступать2;44;100;97;2041;5
находить;89.5;100;96;3491;6
начать;473.3;100;97;10696;5
начаться;197.4;100;96;6666;5
начинать;296;100;98;8243;6
начинаться;115.1;100;96;4378;5
ненавидеть;44.1;98;94;1440;5
нести;120.6;100;96;4124;5
носить;115.3;100;98;4158;6
нравиться;160.6;100;94;3676;7
нуждаться;49.5;100;96;2580;5
обеспечивать;87.5;100;88;4051;5
обещать;107.2;100;96;3724;5
обидеть;30.4;99;94;1276;5
обидеться;32.3;96;92;1197;5
обижать;13.5;95;94;710;5
обижаться;23.2;96;93;986;5
обманывать;16.5;99;94;840;5
обнимать;20.2;94;91;795;5
образовать;21.4;100;89;1169;5
обратить;88.3;100;97;3634;5
обратиться;108.6;100;96;4326;5
обращать;56.6;100;97;2490;5
обращаться;98.6;100;96;4012;5
обсуждать;52.8;100;95;2485;5
объединять;23.1;99;92;1495;6
объявить;99;100;96;3989;5
объявлять;20.4;100;95;1143;7
объяснять;92.1;100;97;3442;6
овладевать;5;97;94;351;5
одалживать;1.4;68;89;105;5
одевать;5.9;94;89;399;5
одеваться;20;99;94;958;5
одеть;33.9;100;94;1351;5
одеться;14.8;96;92;729;5
оканчивать;1.1;51;85;86;5
окончить;36.4;100;93;1630;5
окружать;32.2;100;94;1562;5
окружить;33.1;99;95;1370;5
опаздывать;13;95;93;663;5
опоздать;22.6;99;94;1013;5
определять;95.7;100;88;4260;5
опускать;18.3;100;94;954;6
опустить;59.9;99;92;1615;5
организовать;65.1;100;93;3417;6
освобождать;13.1;99;94;808;5
освобождаться;9.3;98;87;615;5
осматривать;12.5;99;93;635;5
основать;51;100;90;2714;6
основывать;1.4;52;86;105;5
оставлять;81.4;100;97;3352;6
останавливать;16.6;100;95;960;5
останавливаться;44.4;100;95;1766;6
остановиться;147;100;93;3158;5
осуществлять;72.2;99;81;3094;5
ответить;370.4;100;94;5662;5
отвечать;232.4;100;97;6607;6
отдавать;70.3;100;96;3015;6
отдыхать;42.9;100;96;1764;5
отказываться;51.2;100;97;2515;6
открывать;85.7;100;97;3344;7
открыть;214.8;100;96;5628;5
отличаться;98.9;100;93;4586;6
отнести;43.1;100;93;2247;5
отнимать;11.7;99;95;755;6
относить;15.6;100;92;995;5
отнять;25.1;99;94;1168;5
отправлять;22.7;100;96;1220;6
отпускать;25.3;100;95;1160;6
отражать;41.1;100;88;2122;5
отставать;18.8;99;96;1157;5
отстать;19.8;100;94;968;5
охранять;25.2;100;94;1212;5
ошибаться;25.8;100;95;1127;6
пахнуть;67.2;99;92;1694;5
перевести;66.4;100;97;2502;5
переводить;32;99;96;1379;5
передавать;49.3;100;96;2341;6
передать;123.5;100;96;4042;5
переезжать;7.5;96;93;479;5
переносить;22.1;100;96;1300;5
переписывать;5.8;97;94;369;5
переходить;52.6;100;96;2481;6
петь;143.2;100;94;2802;5
печатать;24.6;100;93;960;6
писать;444.3;100;96;6914;5
пить;200.9;100;93;3381;6
плавать;33.1;100;93;1209;5
плакать;103.9;99;92;2216;6
платить;96.9;100;95;3722;5
победить;52.9;100;95;2413;5
побеждать;16.2;98;93;974;5
повернуться;69.3;98;90;1439;5
повторять;79.9;100;96;2615;5
погасить;13.5;100;95;802;5
погибать;14.7;100;95;855;6
подавать;49;100;96;2073;5
подать;79.4;100;95;2745;5
подготовить;69.1;100;93;3654;6
поддерживать;75.9;100;95;3771;5
поднимать;56.9;100;95;2106;5
подниматься;75.9;100;94;2257;5
подняться;136.2;100;92;2588;5
подождать;56.6;100;91;1621;5
подписывать;15.5;100;94;814;6
подтверждать;39.2;100;92;2210;5
подходить;116.9;100;96;3795;6
поесть;18.3;97;92;887;5
поздравлять;27.9;95;90;1178;5
познакомиться;67.2;100;96;2298;5
показать;277.7;100;96;8111;5
показывать;155;100;97;5560;6
покупать;74.5;100;94;3034;6
положить;158.1;100;95;3871;6
получать;188.2;100;95;7470;7
пользоваться;120.1;100;95;4827;6
помнить;363.1;100;96;5704;5
помогать;134.5;100;96;4613;6
помочь;218.8;100;96;6162;5
понимать;559.7;100;96;8240;6
понять;588.2;100;95;7880;6
портить;15.9;99;95;906;5
посвящать;7.9;99;94;528;5
посещать;27.1;100;95;1412;7
послать;73.3;100;95;2039;5
поступать;72.1;100;96;3404;6
посылать;35.1;100;95;1440;7
праздновать;12.1;100;93;752;5
превращать;17.7;100;96;1054;5
превращаться;42.7;100;95;2118;5
предложить;201.2;100;97;6811;6
представить;247.2;100;95;8529;6
представлять;228.5;100;95;8016;6
предупреждать;29.4;100;96;1437;5
прекращать;8.6;99;92;582;6
прибавлять;6.9;97;94;429;5
прибывать;10.4;99;92;589;5
привести;214.7;100;94;7716;5
приветствовать;25;100;94;1289;6
приводить;97.8;100;91;4253;5
привыкать;15.3;98;95;881;5
привыкнуть;85.9;100;96;2818;5
пригласить;98.2;100;95;2909;5
приглашать;47.5;100;95;2000;6
приготовить;38.5;100;95;1572;7
приготовиться;11.4;94;92;599;5
придумывать;18.7;98;95;971;6
приезжать;86.8;100;94;2678;5
приехать;234.4;100;95;4587;5
признавать;46.4;100;96;2229;5
признаваться;39.7;100;92;1837;5
признать;88.9;100;94;4156;5
признаться;55.1;100;94;1964;5
прийти;523.3;100;96;9359;5
приказывать;10.7;97;92;508;6
принадлежать;113.5;100;95;4410;5
принести;141.9;100;96;4153;5
принимать;207.7;100;96;7397;6
приносить;64.9;100;97;2863;6
принять;386.9;100;95;11757;5
прислать;46.3;100;95;1634;5
присылать;10.3;100;93;637;6
приходить;218.2;100;96;5596;6
пробовать;35.7;99;93;1454;5
проверять;42.9;100;96;1858;6
проводить;167.6;100;95;6915;6
провожать;30;98;93;1090;7
продавать;56.3;100;95;2645;6
продать;68.3;100;96;2744;5
продолжать;240.6;100;97;6302;5
проезжать;12;98;94;653;5
проехать;23.3;98;94;1102;5
проиграть;30.1;99;92;1362;5
проигрывать;12.2;99;93;742;5
производить;66.5;100;94;3238;5
произносить;40.8;99;94;1457;5
пропускать;22.4;100;96;1184;5
просить;215.9;100;96;4474;6
простить;101.1;100;93;2270;6
проститься;11.2;93;93;540;5
прощать;30.3;97;94;1113;6
прощаться;25.8;96;94;1025;5
проявлять;34.8;100;95;1802;6
прятать;26.9;98;93;1120;6
пускать;35.5;99;95;1521;5
работать;611.2;100;96;13409;5
разбивать;6.5;98;95;466;5
разбить;36.7;100;96;1699;6
развивать;33.1;100;92;1897;6
развить;14;100;93;913;5
разговаривать;95.4;100;94;2375;6
разрешать;22.2;99;96;1166;5
разрушать;15.3;100;94;935;5
ранить;26.8;98;93;990;5
распределять;6.1;96;92;444;5
рассказывать;230;100;96;5391;7
расставаться;18.5;99;95;974;5
решать;96.5;100;96;4584;7
решить;409.7;100;97;10694;5
рисовать;37.5;99;94;1388;5
родиться;116.7;100;94;3804;5
ругать;23.2;96;95;957;5
руководить;38.2;100;94;1817;6
садиться;77.9;100;93;2136;5
сажать;21.3;99;95;1065;5
светить;21.1;98;93;1001;5
сдавать;34.4;100;93;1603;5
сдать;53.6;100;94;2132;5
сделать;743.5;100;97;14748;6
сердиться;22;94;91;744;5
сесть;175.9;100;93;3211;5
сидеть;538.1;100;94;5916;6
сказать;2396.6;100;94;15426;6
скрывать;49.3;100;96;1990;5
скрываться;23.4;100;96;1208;5
скучать;19.4;98;93;871;5
следить;75.8;100;96;2716;5
сломаться;10.8;98;94;650;5
служить;140.3;100;96;4839;5
случаться;55.5;100;96;2264;5
слушать;239.5;100;94;3830;7
слышать;256.1;100;94;4462;7
смеяться;117.9;99;92;2388;6
смотреть;667.2;100;96;9118;6
снимать;98.5;100;94;3010;5
советовать;32.5;100;95;1534;5
согласиться;144.2;100;96;4160;5
соглашаться;31.3;100;96;1464;7
соединять;16.6;99;92;912;5
сойти;55.4;100;94;1967;5
сообщать;50.3;100;96;2400;5
сообщить;143.8;100;95;5001;5
сопровождать;35.8;100;96;1599;5
соревноваться;6.1;92;91;426;6
составлять;175;100;91;7477;5
состоять;139.9;100;92;5480;6
спасти;80.1;100;95;2693;5
спать;221.9;100;92;3167;5
спорить;53.1;100;96;1926;5
спрашивать;208.3;100;94;3810;7
спускаться;34.3;100;93;1216;5
сравнивать;24.5;99;96;1412;6
сравнить;31.7;100;89;1550;5
ссориться;10.9;98;94;609;5
ставить;138.7;100;97;4950;6
становиться;259.3;100;97;7869;5
стараться;172.8;100;96;4402;5
стирать;13.8;98;93;716;5
стоять;419.3;100;93;5109;5
стремиться;85.1;100;95;3639;5
строить;82.2;100;96;3401;5
судить;116.8;100;95;4355;6
сходить;54.2;100;92;2032;5
танцевать;41.7;97;93;1166;6
терять;74;100;97;3010;5
течь;33.7;100;94;1370;5
торопиться;52.6;98;93;1731;5
тратить;33.3;100;96;1759;5
трудиться;30.8;100;95;1637;5
тянуть;68.5;98;94;2104;5
убеждать;22.3;100;96;1175;5
убеждаться;7.4;99;94;450;5
убивать;49.8;100;94;1647;6
убирать;20;100;95;1073;5
убить;144.7;100;93;2795;5
уважать;42.2;100;96;1766;5
увеличивать;19.3;100;92;1363;5
угощать;11.3;91;94;587;5
ударить;63.3;99;92;1694;5
удивиться;84.3;100;91;1806;5
уезжать;50.7;99;94;1607;5
узнавать;88.2;100;96;2684;5
узнать;238.1;100;96;4926;5
указывать;54;100;92;2389;5
укреплять;11.7;99;93;818;5
улыбаться;111.3;98;92;2090;5
умереть;179.7;100;95;3620;5
уметь;172.5;100;96;4360;5
умирать;62;99;94;2005;5
умываться;5.6;82;89;291;5
уничтожать;16;100;95;888;6
упасть;106;100;94;2881;5
употреблять;22;100;93;1158;6
управлять;38.9;100;95;2114;5
успевать;32.2;100;96;1519;5
утверждать;97.3;100;95;4381;5
уходить;192.7;100;95;4652;5
учить;76.7;100;96;2610;7
учиться;126.9;100;95;3791;6
фотографировать;5.6;94;92;359;5
хвалить;16.6;97;94;728;6
ходить;296.6;100;94;5439;5
хотеть;991.3;100;95;12290;6
хранить;42.1;100;96;1945;6
целовать;40.7;95;89;1006;5
чинить;8;95;94;499;5
чистить;17;98;94;840;6
читать;304.4;100;96;5215;6
чувствовать;246.9;100;95;4762;5
явиться;79.8;100;96;2659;5
являться;522.9;100;89;12749;5
беспокоить;21.7;100;96;1103;4
бить;107.5;100;94;2640;4
биться;33.4;100;94;1369;4
браться;33.3;100;97;1780;4
бросить;166.5;100;93;3369;4
бывать;297.3;100;96;6512;4
ввести;68.6;100;94;3428;2
вводить;27.1;100;91;1554;3
велеть;49.8;100;92;1303;4
вестись;43.1;100;93;2581;0
взглянуть;72.4;100;92;1741;3
взять;525.8;100;95;9275;4
взяться;68.6;100;95;2494;4
видеться;33;100;96;1371;3
вкладывать;18.4;100;94;1204;1
включать;75.4;100;89;3814;4
включить;70.1;100;97;3181;3
включиться;9;100;95;604;1
влечь;23.3;100;64;955;1
влиять;39.4;100;90;2245;4
вложить;27.7;100;96;1639;1
вносить;27.8;100;92;1717;4
внушать;15;100;95;799;2
возглавлять;33;100;92;1949;3
возникать;138.4;100;92;5125;4
возникнуть;133.6;100;96;4853;3
возрастать;24;100;89;1565;1
войти;205.5;100;96;5227;4
воспользоваться;40.3;100;96;2165;2
воспринимать;43.4;100;94;1970;0
восприниматься;24.1;100;92;1345;0
воспринять;24.4;100;93;1326;0
восстанавливать;12.8;100;95;847;4
вспомнить;215.5;100;95;4696;4
вставить;23.5;100;94;984;4
вступить;53.1;100;95;2569;4
выбрасывать;14.4;100;96;845;4
вывозить;8.3;100;94;552;2
выглядеть;141.7;100;97;4929;2
выдаваться;13.4;100;89;840;1
выдать;60.4;100;95;2407;4
выдвигать;12.1;100;93;778;1
выдвинуть;24.1;100;94;1320;1
выделить;76.4;100;88;3628;1
выделять;29.2;100;89;1686;2
выделяться;30.2;100;92;1680;2
вызвать;154.9;100;97;5405;4
выложить;17.6;100;95;893;0
вынести;51.3;100;96;2278;4
вынудить;38.3;100;95;2216;1
выпадать;12.4;100;96;801;2
выпасть;29.4;100;95;1373;2
выписать;17.2;100;95;853;4
выполнить;91.7;100;94;4412;4
выпустить;63.4;100;96;2774;4
выражать;40;100;95;1842;4
выражаться;30.4;100;95;1537;3
выразить;57.7;100;94;2715;4
выразиться;20.1;100;96;1088;2
вырастить;13.5;100;94;839;3
вырваться;31.8;100;93;1231;0
выручить;11.7;100;95;690;2
высказать;39.6;100;96;2062;1
выставить;35.5;100;96;1731;0
выставлять;12.3;100;95;826;0
выстроить;18.8;100;95;1159;0
выступить;67.2;100;94;3129;4
вытекать;20.3;100;89;1107;1
выяснить;44.6;100;96;2155;3
выясниться;57.2;100;95;2625;1
выясняться;10.4;100;94;723;2
говориться;77.3;100;95;3331;2
даваться;30.3;100;95;1675;1
давить;24.6;100;94;1091;3
действовать;153.5;100;95;6101;4
делаться;74.7;100;95;3060;3
демонстрировать;34.3;100;95;2015;1
диктовать;14.8;100;95;899;2
длиться;30.1;100;96;1538;1
добавить;115.5;100;96;3608;4
добиться;69.5;100;95;3456;4
добраться;49.6;100;94;1719;2
доверить;12.4;100;95;827;4
довести;39.4;100;96;2043;3
довестись;17.6;100;92;828;0
доводить;13.3;100;96;846;4
дождаться;41.6;100;94;1612;4
дожить;18.2;100;95;935;0
дойти;88.6;100;96;2957;4
доказать;65;100;96;2855;3
доказывать;32.9;100;96;1682;4
допускать;35.1;100;95;1835;3
допустить;73;100;97;3182;3
доставить;37;100;96;1624;3
доставлять;20.4;100;95;1097;4
достаться;40.5;100;96;1950;2
достигнуть;97.4;100;95;4590;2
доходить;30.4;100;95;1565;4
есть;94.7;100;93;2415;4
забрать;47.9;100;94;1647;2
забыть;226;100;95;4910;4
завершать;10.5;100;94;780;2
завершиться;18.8;100;92;1342;1
завоевать;17.4;100;93;1069;4
задержать;33.9;100;93;1435;3
задумать;25.2;100;96;1263;2
задуматься;49.6;100;94;1951;4
задумываться;28.8;100;96;1530;4
заинтересовать;31.8;100;95;2003;3
заканчиваться;28.1;100;94;1663;4
заключаться;65.4;100;93;3268;2
закончиться;57.7;100;95;2769;4
закрепить;24.5;100;92;1510;1
закрываться;12.8;100;96;828;2
заложить;45;100;95;2362;0
заменить;47.6;100;96;2509;4
занести;18.9;100;95;968;1
заняться;52.7;100;96;2517;4
заполнить;30.9;100;96;1583;3
заполнять;17.1;100;96;1008;4
запоминаться;6.3;100;94;421;2
запретить;56.1;100;96;2418;3
зарабатывать;30.5;100;95;1526;4
заработать1;42.7;100;95;2114;3
заработать2;42.7;100;95;2114;3
заразить;11.4;100;86;579;2
зарегистрировать;31.2;100;87;1570;1
заслужить;30.8;100;96;1628;3
заставить1;92.1;100;96;3282;4
заставить2;92.1;100;96;3282;4
затянуться;17.7;100;95;980;0
звучать;84.1;100;96;3069;3
здравствовать;49.3;100;90;1446;2
избавиться;27;100;96;1442;1
избежать;32.5;100;95;1991;2
избрать;41.6;100;93;1993;2
изготовить;23;100;92;1341;0
издавать;17.6;100;95;969;3
изложить;30.1;100;93;1562;2
изменить1;79.9;100;96;3794;4
изменить2;79.9;100;96;3794;4
измениться;84.5;100;97;3734;3
изображать;34.2;100;96;1325;4
изучить;35.3;100;90;1868;4
именовать;18.5;100;94;1006;0
иметься;128.4;100;93;5148;1
исполниться;20.1;100;94;1156;2
испортить;22.2;100;95;1136;3
исправить;18.5;100;96;1103;4
испытать;36.5;100;96;1577;3
испытывать;76.6;100;96;2885;4
исходить;69;100;93;3335;2
исчезать;41.4;100;96;1756;3
исчезнуть;99.9;100;94;2662;3
исчерпать;11.3;100;95;794;1
контролировать;38.2;100;92;2286;4
коснуться;27.8;100;95;1364;4
купить;192.7;100;94;5092;4
лечить;30.6;100;94;1227;4
лишать;14.8;100;96;939;3
лишить;50.9;100;97;2317;2
лишиться;18.7;100;95;1208;2
меняться;66;100;96;3193;3
миновать;28;100;94;1191;0
молчать;144.5;100;91;2343;4
набирать;27.3;100;96;1442;4
наблюдаться;43.2;100;83;2108;1
набрать;43.7;100;95;1845;4
навести;18.1;100;96;1048;1
наводить;14.9;100;95;937;1
навязать;8.2;100;94;560;2
надеть;52.1;100;94;1706;4
назвать;205.1;100;96;7109;4
найти;424.1;100;97;9693;3
накладывать;8.4;100;95;570;0
накопить;20.4;100;94;1346;1
накопиться;11.2;100;95;742;0
наладить;20.5;100;95;1276;2
наложить;16.4;100;95;956;0
наметить;25.6;100;94;1581;2
нанести;38.5;100;95;1904;2
наносить;22;100;91;1206;2
напечатать;35.5;100;92;1224;4
написать;336.2;100;96;6048;4
напомнить;65.2;100;96;3164;4
нарастать;17.8;100;96;995;0
нарисовать;33.9;100;91;1235;4
нарушить;35.9;100;96;1805;4
настаивать;37.2;100;96;1832;3
настать;22.4;100;95;1199;1
настроить;20.4;100;94;1296;1
наступить1;67.1;100;96;2577;4
наступить2;67.1;100;96;2577;4
научить;35.8;100;96;1658;4
находиться;342.7;100;95;10424;4
нацелить;10.3;100;94;702;1
обвинять;22.3;100;94;1209;4
оберегать;9;100;95;583;1
обеспечить;86.4;100;92;4593;4
обладать;105.2;100;92;4511;3
обнаружить;125;100;95;4305;1
обнаружиться;16.8;100;96;942;1
обозначать;16.7;100;89;876;4
обозначить;30.1;100;90;1649;2
обойти;30.4;100;96;1535;3
обойтись;61.6;100;96;2992;1
образоваться;42.1;100;91;1980;2
обслуживать;16.7;100;94;1082;2
обсудить;27.5;100;90;1504;4
обсуждаться;26.6;100;92;1692;0
обучать;13.6;100;91;763;3
обходить;17.8;100;95;972;4
обходиться;22.4;100;95;1482;1
общаться;44.5;100;93;1884;2
объединить;43.2;100;92;2363;4
объяснить;161.4;100;96;4364;4
объясняться;32.4;100;93;1937;3
обязать;33;100;90;1683;1
обязывать;10;100;94;711;1
ограничивать;15.1;100;91;1055;3
ограничить;26.9;100;91;1771;2
одобрить;25.4;100;93;1484;2
ожидать;123;100;97;4243;4
означать;97;100;95;4149;3
оказаться;531.9;100;97;11735;3
оказывать;48.2;100;91;2658;3
оказываться;155.1;100;97;5218;4
описать;64.4;100;91;2583;3
описывать;41.5;100;91;1722;4
оправдать;24.6;100;96;1440;3
оправдывать;14.1;100;96;869;3
определить;120.6;100;93;5336;4
определиться;14.3;100;94;1002;0
определяться;61.5;100;83;2669;0
опубликовать;58;100;92;2646;3
опускаться;18.5;100;95;991;4
организовывать;20.3;100;90;1205;3
освободить;43.5;100;95;1850;4
ослабить;12.1;100;95;769;2
осмотреть;21.9;100;93;921;4
осознавать;20.3;100;95;1168;1
осознать;25.4;100;96;1314;1
оставаться;327.4;100;98;9585;4
оставить;210.5;100;96;5392;4
остановить;70.2;100;95;2466;4
остаться;482.7;100;97;10602;4
осуществить;36.7;100;92;2066;4
отбросить;18.4;100;94;935;1
отвести;40.6;100;95;1708;3
отвлекать;11.2;100;95;696;2
отдать;139.8;100;96;4162;4
отделять;14.9;100;93;831;4
отдохнуть;33.7;100;94;1467;4
отказать;32.3;100;96;1574;2
отказаться;115.8;100;96;4462;4
отказывать;13.3;100;95;837;4
открываться;40.4;100;96;1962;3
открыться;63;100;96;2542;4
отличать;17.7;100;94;1139;3
отложить;26.1;100;96;1355;3
отменить;32.6;100;94;1737;2
отметить;154.3;100;92;6713;4
отмечать;56;100;93;2905;4
отнестись;21.2;100;95;1166;4
относиться;191.6;100;94;6746;4
отобрать;28.8;100;96;1434;2
отозваться;36.7;100;91;1038;3
отойти;55.9;100;94;1939;2
отпасть;6.9;100;93;470;0
отправить;69.3;100;96;2494;4
отправиться;78.2;100;95;2485;3
отправляться;29.6;100;96;1495;4
отпустить;57.6;100;94;1814;4
отработать;15.2;100;95;995;0
отражаться;19.4;100;95;1131;2
отразиться;14.4;100;95;941;2
отрезать;27.3;100;94;1147;4
отрицать;21.2;100;95;1131;3
отстаивать;15.7;100;93;998;1
отстоять;10.4;100;95;719;1
отсутствовать;45.9;100;90;2521;3
отходить;22.8;100;95;1071;4
отыскать;24.2;100;94;1024;1
оформить;28.1;100;95;1600;3
оценивать;36.4;100;93;2224;3
оценить;64;100;95;3322;1
очистить;20.3;100;91;1060;3
очищать;9.4;100;92;553;1
ошибиться;31;100;95;1293;4
ощутить;35.9;100;93;1291;1
ощущать;55.9;100;95;1889;1
падать;84.2;100;95;2640;4
пасть;19.9;100;95;973;0
передаваться;20.1;100;92;1223;1
переделать;10;100;95;621;1
переехать;26.3;100;95;1213;3
переживать;51.6;100;95;2182;3
пережить;48.9;100;95;2034;2
перейти;100.5;100;98;4037;4
перенести;36.6;100;97;1844;4
переписать;9.3;100;94;550;4
переставать;29;100;97;1502;4
перестать;105.8;100;95;3236;3
перечислить;21.2;100;93;1376;1
писаться;16.1;100;95;844;0
планировать;36.8;100;92;2367;3
поблагодарить;17.4;100;95;847;4
повезти;58.5;100;96;2165;1
поверить;101.8;100;95;2794;4
повести;46.3;100;94;1568;1
повлиять;18.6;100;93;1260;2
поворачивать;16.7;100;93;788;3
повредить;18.3;100;95;1007;1
повторить;80.9;100;93;2187;4
повториться;14.1;100;95;890;1
повторяться;21.8;100;96;1203;1
повысить;31;100;94;2076;3
повышать;23.2;100;93;1612;4
погибнуть;95.4;100;96;2885;4
подарить;61.4;100;95;2191;4
подвести;35.3;100;96;1880;2
подводить;16.6;100;96;1099;2
поддаваться;20.8;100;96;1196;2
поддержать;56.2;100;95;2808;4
поделить;12.2;100;95;842;1
поделиться;27.4;100;95;1506;2
поднять;173.8;100;93;3686;4
подобрать;34.9;100;96;1681;4
подозревать;43.2;100;95;1699;2
подойти;190;100;93;3608;4
подписать;72.4;100;93;3077;4
подразумевать;13.9;100;92;884;1
подсказать;24;100;91;1049;2
подтвердить;69.7;100;96;3176;3
подумать;315.6;100;92;4229;4
подчеркивать;32.1;100;93;1731;1
подчеркнуть;46.3;100;94;2621;4
подчинить;14.8;100;94;865;2
поехать;158.4;100;94;3040;4
пожелать;27.1;100;96;1454;4
позаботиться;11.7;100;95;728;4
позволить;159.6;100;96;6709;2
позволять;194.3;100;90;7687;4
поинтересоваться;39.8;100;91;1145;1
пойти;587.2;100;94;8422;4
показаться;142.4;100;94;3199;4
покидать;27.9;100;96;1310;2
покинуть;49;100;96;1961;1
покончить;20.5;100;95;971;0
покрываться;6.2;100;95;460;1
покрыть;46.3;100;92;1672;3
полагать;81.4;100;96;3435;1
полагаться;40.5;100;95;1513;4
получаться;127;100;96;4507;4
получить;557.7;100;95;14913;4
получиться;149.3;100;95;4826;3
поместить;24.9;100;92;1240;2
помешать1;31.8;100;96;1590;3
помещаться;15.1;100;95;765;1
понадобиться;40;100;95;1721;2
понести;27.7;100;94;1348;1
понравиться;93.1;100;94;2856;4
попадать;54.1;100;97;2639;4
попасть;197.7;100;96;5539;2
попробовать;97.8;100;95;3147;4
попросить;140.2;100;95;3316;4
попытаться;79.1;100;96;2937;3
поражать;24.6;100;95;1285;4
поразить;49.9;100;96;1900;4
порвать;14;100;94;744;3
поручить;31;100;94;1481;4
посадить;52.9;100;95;1919;4
посвятить;85.1;100;93;3985;4
поселиться;19.4;100;95;968;0
посетить;32.3;100;94;1739;4
послужить;25.1;100;94;1549;1
послушать;49;100;93;1538;2
посмотреть;314.2;100;93;5341;4
посоветовать;34;100;93;1403;4
поставить;267.3;100;98;7836;4
постараться;45.2;100;95;1923;4
пострадать;25.9;100;95;1586;1
построить;114.9;100;94;4638;4
поступить;86;100;97;3732;4
потерять;129.2;100;97;4294;4
потратить;22.9;100;94;1466;1
потребовать;51.6;100;96;2450;3
потребоваться;27.8;100;95;1784;2
потрудиться;5.6;100;95;407;1
потрясти;32.5;100;95;1309;1
почитать;27.2;100;93;1268;0
почувствовать;124.2;100;94;2889;4
появиться;294.6;100;97;8767;3
появляться;118.4;100;97;4331;4
пояснить;38.3;100;94;1568;1
превратить;33.8;100;95;1772;4
превратиться;63.5;100;96;2849;4
превышать;48.2;100;89;2750;2
предлагать;145.9;100;95;6446;4
предназначить;43.7;100;92;2447;0
предоставить;54.7;100;92;3010;2
предполагать;74.1;100;93;3530;1
предположить;46.9;100;95;2214;1
предпочесть;18.3;100;95;1127;2
предпочитать;46.3;100;96;2403;3
предпринять;23.6;100;95;1453;1
представиться;20.7;100;94;953;1
представляться;67.8;100;92;2978;1
предстоять;66.8;100;96;3000;3
предупредить;43.8;100;94;1582;4
предусмотреть;87.7;100;64;2691;1
предъявлять;16.2;100;92;1086;2
прекратить;43.4;100;96;2039;4
прекратиться;14.9;100;96;882;2
пренебрегать;6.5;100;95;445;3
преодолеть;30.8;100;95;1736;4
преподнести;9;100;94;589;0
прервать;29.4;100;94;1168;2
прерывать;8.6;100;94;506;3
преследовать;25;100;96;1354;4
претендовать;23.2;100;93;1513;3
прибегать;17.1;100;95;1022;3
приближаться;41;100;95;1680;4
приблизиться;24.4;100;94;1089;4
прибыть;55.7;100;95;2055;4
привезти;82;100;95;2389;4
привлекать;38.7;100;95;2270;3
привлечь;47.4;100;95;2714;3
привязать;23;100;95;1124;2
придавать;37.1;100;95;1871;1
придать;24.4;100;96;1360;1
придумать;97.9;100;96;3116;4
призвать;35.3;100;93;2175;4
призывать;29.3;100;94;1605;4
прийтись;285.5;100;96;8007;2
приказать;58.8;100;92;1371;4
прикрыть;35.5;100;92;1175;0
приложить;25.6;100;96;1261;3
применить;24.6;100;92;1511;2
применять;47.7;100;89;2553;4
приниматься;37.3;100;93;2008;3
приняться;61.3;100;91;1468;3
приобрести;70.2;100;95;3694;3
приобретать;40.1;100;92;2375;4
присоединиться;17.1;100;95;995;1
присоединяться;7.4;100;91;488;2
приспособить;12.6;100;96;798;2
приступать;10.9;100;94;733;2
приступить;30.2;100;95;1779;2
присутствовать;72.5;100;96;3214;4
приходиться;174.5;100;97;6442;3
проверить;66.1;100;96;2686;4
провести;222;100;95;8931;4
проводиться;63.7;100;90;3424;0
продаваться;25.8;100;93;1539;1
продвигаться;9.6;100;94;599;1
продемонстрировать;25.1;100;93;1644;1
продиктовать;7.6;100;94;489;1
продлить;11.2;100;93;758;2
продолжаться;69.9;100;96;3405;3
продолжить;48.8;100;96;2377;3
продумать;13.6;100;95;839;0
проживать;35.4;100;92;1861;1
прожить;64.2;100;95;2258;4
прозвучать;31.3;100;95;1561;1
произвести;67.5;100;95;2951;4
произнести;113.5;100;91;1854;3
произойти;203.2;100;97;6481;2
происходить;263.6;100;95;7996;4
пройти;398.4;100;97;10645;3
пропасть;60.8;100;94;1984;2
прописать;16.4;100;93;1052;0
пропустить;41.7;100;96;1771;4
проработать;15.9;100;93;997;0
протекать;17.2;100;89;962;0
проходить;175.4;100;97;6432;3
прочитать;72.7;100;96;2371;3
проявить;39.5;100;95;2012;4
проявиться;15.1;100;94;980;1
проявляться;32.9;100;88;1683;1
пугать;32.6;100;95;1467;4
пустить;54.1;100;95;1960;4
пытаться;249.4;100;97;6843;3
разбирать;18.5;100;96;983;4
разбираться;32.3;100;96;1523;3
развернуть;31.4;100;96;1517;3
развести;30.9;100;93;1216;3
развиваться;56.8;100;92;3153;3
разводить;17.3;100;95;992;3
раздавать;10.1;100;95;647;1
разделить;41.4;100;89;2240;4
разделять;28;100;95;1507;2
разместить;22.1;100;92;1364;0
разобрать;26.8;100;95;1232;3
разобраться;60.1;100;96;2475;3
разойтись;36.7;100;96;1628;1
разорвать;19;100;94;956;4
разработать;83.5;100;88;4179;2
разрешаться;12.9;100;89;693;1
разрешить;66.4;100;97;2607;4
разрушить;33.2;100;96;1667;2
раскрыть;40.8;100;95;1712;2
располагать;28.3;100;94;1675;2
располагаться;33.9;100;86;1477;3
расположить;79.1;100;90;3560;2
распространяться;26.1;100;92;1544;1
рассказать;229.4;100;96;5883;3
рассматривать;100.6;100;91;3959;4
рассмотреть;63.9;100;89;3175;3
рассчитать;38.1;100;94;2294;1
рассчитывать;58.2;100;96;2981;3
расти;125.8;100;97;5045;3
расширить;26.3;100;83;1548;1
расширяться;13.2;100;91;831;2
рваться;28.2;100;95;1246;1
реагировать;30;100;95;1577;2
рекомендовать;37.4;100;94;2145;2
решаться;46.1;100;97;2321;3
решиться;49.7;100;95;1927;2
рисковать;30;100;96;1510;3
рождаться;27;100;94;1354;2
сбить;29.6;100;94;1180;1
сбрасывать;11.4;100;95;729;2
сбыться;10.4;100;95;663;1
свести;29.7;100;96;1539;1
свидетельствовать;68.8;100;89;3296;1
сводить;23.6;100;95;1222;1
связать;160.2;100;92;6337;3
связаться;16.1;100;95;796;1
связываться;13.9;100;93;820;1
сдерживать;20.1;100;96;1075;0
сказаться;18.3;100;94;1222;1
складываться;41.4;100;94;2261;2
скрыть;32.4;100;95;1424;3
скрыться;28.7;100;92;1087;4
следовать;305.1;100;95;8778;4
сложить;40.1;100;94;1576;3
сложиться;81.6;100;94;3865;2
случиться;175.8;100;96;4433;4
сменить;31.2;100;96;1618;0
смешать;10.5;100;92;614;1
смочь;255.1;100;97;8476;3
сниматься;26.2;100;88;935;1
снять;161.3;100;96;4197;4
собирать;75.1;100;97;3090;4
собираться;192.6;100;96;5778;4
соблюдать;22.1;100;94;1298;3
собрать;101.6;100;97;4132;4
собраться;94.5;100;96;3266;4
совершаться;17.5;100;86;895;0
совершить;82.9;100;90;3046;4
совпадать;31.5;100;92;1732;2
совпасть;14.7;100;83;791;1
содержать;87.2;100;87;3569;3
содержаться;39.3;100;89;1923;0
соединить;45.2;100;94;1991;3
создавать;114.1;100;93;5283;4
создаваться;42.6;100;92;2494;3
создать;245.9;100;94;9362;4
создаться;7.9;100;92;474;3
сомневаться;55;100;96;2117;4
соответствовать;98.1;100;90;4384;3
сопровождаться;20.3;100;89;1271;0
сорвать;25.7;100;95;1178;2
сосредоточить;17.9;100;94;1174;2
составить;121.6;100;92;5585;3
состояться;103.1;100;91;4930;4
сохранить;79.2;100;95;3851;1
сохраниться;51.4;100;95;2242;2
сохранять;40.4;100;95;2219;4
сохраняться;25.6;100;90;1544;2
спасать;33.1;100;95;1487;4
спешить;69.7;100;94;2157;4
способствовать;62.5;100;90;3376;1
справиться1;43.2;100;96;2068;4
справиться2;43.2;100;96;2068;4
спросить;573.9;100;91;4653;4
сработать;15.5;100;95;900;0
сражаться;15.3;100;95;814;4
ссылаться;18.7;100;94;1100;2
сталкиваться;25;100;95;1475;1
стать1;1621.8;100;97;21235;4
стать2;1621.8;100;97;21235;4
стесняться;30.3;100;95;1209;3
стоить;501.9;100;97;11503;4
столкнуться;29.8;100;96;1671;1
страдать;59.8;100;97;2469;3
суметь;83.9;100;96;3097;2
существовать;260.9;100;94;8482;2
считать;455.3;100;97;12187;4
считаться;115.7;100;95;4941;3
съесть;43.2;100;94;1632;4
сыграть;80.8;100;93;2825;4
терпеть;53.7;100;95;1861;3
тормозить;11.2;100;95;773;2
требовать;190.9;100;96;7101;4
требоваться;75.5;100;96;3556;2
убедить;45.2;100;96;2243;4
убедиться;47.7;100;97;2046;4
убрать;47;100;95;1819;4
увеличиваться;23.9;100;90;1554;2
увеличить;43.3;100;92;2701;3
уверить;19.4;100;95;1119;1
увидеть;452.4;100;95;6969;4
уволить;20.5;100;94;999;0
угрожать;22.6;100;95;1218;4
удаваться;54.3;100;96;2654;4
удалить;13.6;100;90;743;1
удаться;189.1;100;96;7051;4
удерживать;20.8;100;96;1124;1
удивляться;49.4;100;95;1868;4
удовлетворить;22.8;100;94;1397;2
уехать;117.4;100;95;2603;4
уйти;315.6;100;95;6163;2
указать;91.5;100;86;3254;3
укладываться;13.8;100;96;879;1
украсить;23.6;100;95;1215;4
укрепить;18.1;100;95;1092;4
уменьшаться;14.4;100;89;942;2
уменьшить;15.9;100;92;1080;2
уменьшиться;12.3;100;92;843;2
унести;20.3;100;94;1016;4
уничтожить;43.6;100;95;1718;4
упоминать;18.5;100;94;929;3
упустить;22.7;100;96;1192;0
усиливаться;11.6;100;94;775;2
услышать;160.4;100;94;3434;4
успеть;203.4;100;94;4508;3
успокоиться;46.1;100;92;1416;3
устанавливать;34.8;100;89;2024;2
установить;174;100;85;6094;2
устать;58.6;100;94;1925;4
устраивать;57.4;100;96;2578;3
устроить;94.9;100;97;3338;3
уступать;27.6;100;96;1672;3
уступить;21.1;100;96;1169;3
утвердить;47.8;100;89;2441;3
уточнить;26.3;100;95;1311;2
уточнять;9.7;100;95;653;3
утратить;35.1;100;94;1785;0
участвовать;113;100;92;4952;4
учесть;43.6;100;96;2485;2
учитывать;65.6;100;91;3738;3
хватать1;130.9;100;96;4279;4
хватать2;130.9;100;96;4279;4
хватить;107.3;100;94;3223;2
хотеться;285.3;100;96;6330;3
храниться;32;100;90;1453;1
ценить;31.8;100;95;1421;4
цитировать;18.6;100;93;896;1
черпать;6.5;100;95;456;1
читаться;10;100;94;632;0